{"cameraMode":{"drawMode":0,"name":"Shaded","section":"Shading Mode"},"sceneLighting":true,"audioPlay":false,"sceneViewState":{"showFog":true,"showMaterialUpdate":false,"showSkybox":true,"showFlares":true,"showImageEffects":true,"showParticleSystems":true},"in2DMode":false,"pivot":{"x":-992.1265869140625,"y":148.80178833007813,"z":-2.753894805908203},"rotation":{"x":0.02190578356385231,"y":-0.968913197517395,"z":0.2282036393880844,"w":0.09300825744867325},"size":401.8813781738281,"orthographic":false}