{"cameraMode":{"drawMode":0,"name":"Shaded","section":"Shading Mode"},"sceneLighting":false,"audioPlay":false,"sceneViewState":{"showFog":true,"showMaterialUpdate":false,"showSkybox":false,"showFlares":true,"showImageEffects":true,"showParticleSystems":true},"in2DMode":false,"pivot":{"x":-1.6000001430511475,"y":-2.7300002574920656,"z":2.384185791015625e-7},"rotation":{"x":-0.00014245965576265007,"y":-0.9998396635055542,"z":0.009308571927249432,"w":-0.015299621969461441},"size":4.800057411193848,"orthographic":false}