{"cameraMode":{"drawMode":0,"name":"Shaded","section":"Shading Mode"},"sceneLighting":false,"audioPlay":false,"sceneViewState":{"showFog":true,"showMaterialUpdate":false,"showSkybox":false,"showFlares":true,"showImageEffects":true,"showParticleSystems":true},"in2DMode":false,"pivot":{"x":0.24724918603897096,"y":0.36310964822769167,"z":-0.10781574249267578},"rotation":{"x":-0.002191428793594241,"y":-0.9956308007240295,"z":0.09016045928001404,"w":-0.0241994671523571},"size":2.8578836917877199,"orthographic":false}