{"cameraMode":{"drawMode":0,"name":"Shaded","section":"Shading Mode"},"sceneLighting":true,"audioPlay":false,"sceneViewState":{"showFog":true,"showMaterialUpdate":false,"showSkybox":true,"showFlares":true,"showImageEffects":true,"showParticleSystems":true},"in2DMode":false,"pivot":{"x":3.347085475921631,"y":-22.60200309753418,"z":102.42826843261719},"rotation":{"x":0.0763859897851944,"y":0.031991902738809589,"z":-0.002452102955430746,"w":0.9965619444847107},"size":120.10945892333985,"orthographic":false}